Year,Annual_AVG,Jan_Mar,Apr_Jun,Jul_Sep,Oct_Dec
2010,"2,941.10","2,858.10","2,883.10","2,982.00","3,039.70"
2011,"3,134.60","3,059.40","3,103.60","3,168.90","3,192.60"
2012,"3,287.60","3,239.90","3,269.50","3,300.40","3,338.90"
2013,"3,498.40","3,411.30","3,460.30","3,526.50","3,589.80"
2014,"3,697.80","3,649.00","3,690.60","3,700.50","3,749.00"
2015,"3,715.10","3,740.40","3,731.20","3,700.90","3,684.00"
2016,"3,715.20","3,714.90","3,711.20","3,721.60","3,713.40"
2017,"3,765.40","3,737.90","3,757.50","3,765.90","3,799.10"
2018,"3,870.40","3,826.50","3,857.40","3,879.00","3,915.00"
2019,"3,948.60","3,900.70","3,928.60","3,961.90","4,001.10"
2020,"4,052.00","4,028.80","4,050.00","4,060.30","4,069.50"
2021,"4,091.90","4,087.30","4,079.50","4,087.80","4,112.60"
2022,"4,222.40","4,153.60","4,190.90","4,264.20","4,306.60"
