Date,Monthly_Interest,Monthly_Return
01/01/2018,0.0144,0.001192152
01/02/2018,0.0148,0.001225045
01/03/2018,0.0163,0.00134829
01/04/2018,0.0177,0.001463168
01/05/2018,0.0185,0.001528747
01/06/2018,0.0192,0.00158609
01/07/2018,0.0198,0.001635213
01/08/2018,0.0203,0.001676128
01/09/2018,0.0213,0.001757904
01/10/2018,0.0223,0.001839606
01/11/2018,0.0232,0.001913075
01/12/2018,0.0238,0.001962022
01/01/2019,0.0242,0.001994638
01/02/2019,0.024,0.001978332
01/03/2019,0.0244,0.002010942
01/04/2019,0.0243,0.002002791
01/05/2019,0.0243,0.002002791
01/06/2019,0.0235,0.001937552
01/07/2019,0.0221,0.001823271
01/08/2019,0.0207,0.001708847
01/09/2019,0.0198,0.001635213
01/10/2019,0.0182,0.00150416
01/11/2019,0.0152,0.001257927
01/12/2019,0.016,0.001323654
01/01/2020,0.0154,0.001274363
01/02/2020,0.0157,0.001299012
01/03/2020,0.0113,0.000936825
01/04/2020,0.0009,0.000074969
01/05/2020,0.0012,0.000099945
01/06/2020,0.0014,0.000116592
01/07/2020,0.0014,0.000116592
01/08/2020,0.001,0.000083295
01/09/2020,0.0012,0.000099945
01/10/2020,0.0009,0.000074969
01/11/2020,0.0009,0.000074969
01/12/2020,0.0009,0.000074969
01/01/2021,0.0009,0.000074969
01/02/2021,0.0007,0.000058315
01/03/2021,0.0005,0.000041657
01/04/2021,0.0002,0.000016665
01/05/2021,0.0004,0.000033327
01/06/2021,0.0002,0.000016665
01/07/2021,0.0005,0.000041657
01/08/2021,0.0005,0.000041657
01/09/2021,0.0005,0.000041657
01/10/2021,0.0004,0.000033327
01/11/2021,0.0005,0.000041657
01/12/2021,0.0006,0.000049986
01/01/2022,0.0008,0.000066642
01/02/2022,0.0019,0.000158196
01/03/2022,0.0032,0.000266276
01/04/2022,0.0053,0.000440597
01/05/2022,0.009,0.000746924
01/06/2022,0.0115,0.000953319
01/07/2022,0.0173,0.00143036
01/08/2022,0.0256,0.002108704
01/09/2022,0.0297,0.002441935
01/10/2022,0.0346,0.002838594
01/11/2022,0.0423,0.003458451
01/12/2022,0.0433,0.003538643
01/01/2023,0.0453,0.0036988
