Year,Jan,Feb,Mar,Apr,May,Jun,Jul,Aug,Sep,Oct,Nov,Dec
2012,290.1,290.5,293.4,294.6,294.4,296.2,298.3,300.4,302.6,305.8,309.7,315.0
2013,319.0,319.7,320.0,319.5,322.6,326.3,328.4,330.0,328.5,329.9,334.9,338.1
2014,341.5,343.6,346.6,348.1,347.6,347.8,345.4,345.2,347.9,349.3,350.3,352.5
2015,354.8,358.3,360.6,361.5,364.5,368.3,369.2,369.0,371.3,374.4,377.5,380.4
2016,381.4,384.0,389.1,390.2,391.1,393.4,396.1,399.9,404.2,404.4,402.8,402.1
2017,402.8,404.9,406.8,407.7,409.5,412.8,414.3,415.9,414.6,414.5,411.9,407.8
2018,406.3,405.9,406.5,406.2,409.2,410.5,408.1,407.4,406.6,405.8,405.5,404.7
2019,408.3,409.6,410.8,412.9,414.1,413.7,414.9,414.5,416.6,418.7,419.1,421.6
2020,423.7,424.1,423.7,420.7,422.0,426.2,426.2,426.6,427.9,431.8,435.7,438.3
2021,439.2,442.7,448.5,452.1,454.4,459.9,465.4,467.3,471.0,477.6,485.7,495.9
2022,503.8,511.9,517.0,525.3,536.3,543.8,553.6,559.7,565.3,567.0,567.6,568.7
